{
    "loss": 6.737133979797363,
    "accuracy": 0.5035971403121948,
    "precision": 0.49193548387096775,
    "recall": 0.9104477611940298,
    "f1_score": 0.6387434554973822
}