{
    "loss": 0.8012279272079468,
    "accuracy": 0.8776978254318237
}